token,file,payload
SCOOPIFY-001-8B77A4033896,SCOOPIFY-001-8B77A4033896.png,SCOOPIFY-001-8B77A4033896
SCOOPIFY-002-5BC76A2CE843,SCOOPIFY-002-5BC76A2CE843.png,SCOOPIFY-002-5BC76A2CE843
SCOOPIFY-003-B4BBFA36AC7D,SCOOPIFY-003-B4BBFA36AC7D.png,SCOOPIFY-003-B4BBFA36AC7D
SCOOPIFY-004-107235F0BD30,SCOOPIFY-004-107235F0BD30.png,SCOOPIFY-004-107235F0BD30
SCOOPIFY-005-847C5A04B653,SCOOPIFY-005-847C5A04B653.png,SCOOPIFY-005-847C5A04B653
SCOOPIFY-006-467E5A6D8570,SCOOPIFY-006-467E5A6D8570.png,SCOOPIFY-006-467E5A6D8570
SCOOPIFY-007-8105C0131B1B,SCOOPIFY-007-8105C0131B1B.png,SCOOPIFY-007-8105C0131B1B
SCOOPIFY-008-341DD6D2288E,SCOOPIFY-008-341DD6D2288E.png,SCOOPIFY-008-341DD6D2288E
SCOOPIFY-009-F1AB21D3CACD,SCOOPIFY-009-F1AB21D3CACD.png,SCOOPIFY-009-F1AB21D3CACD
SCOOPIFY-010-CDE6C9F19187,SCOOPIFY-010-CDE6C9F19187.png,SCOOPIFY-010-CDE6C9F19187
SCOOPIFY-011-901610F3F336,SCOOPIFY-011-901610F3F336.png,SCOOPIFY-011-901610F3F336
SCOOPIFY-012-E22B35EA3286,SCOOPIFY-012-E22B35EA3286.png,SCOOPIFY-012-E22B35EA3286
SCOOPIFY-013-953677C95029,SCOOPIFY-013-953677C95029.png,SCOOPIFY-013-953677C95029
SCOOPIFY-014-F0CDB89CC67E,SCOOPIFY-014-F0CDB89CC67E.png,SCOOPIFY-014-F0CDB89CC67E
SCOOPIFY-015-01CB44C30AE1,SCOOPIFY-015-01CB44C30AE1.png,SCOOPIFY-015-01CB44C30AE1
SCOOPIFY-016-F4359B4ADB44,SCOOPIFY-016-F4359B4ADB44.png,SCOOPIFY-016-F4359B4ADB44
SCOOPIFY-017-CBEC426D25D7,SCOOPIFY-017-CBEC426D25D7.png,SCOOPIFY-017-CBEC426D25D7
SCOOPIFY-018-964B7244A04E,SCOOPIFY-018-964B7244A04E.png,SCOOPIFY-018-964B7244A04E
SCOOPIFY-019-E073ECD6C21E,SCOOPIFY-019-E073ECD6C21E.png,SCOOPIFY-019-E073ECD6C21E
SCOOPIFY-020-226750F379A2,SCOOPIFY-020-226750F379A2.png,SCOOPIFY-020-226750F379A2
SCOOPIFY-021-3FB357648634,SCOOPIFY-021-3FB357648634.png,SCOOPIFY-021-3FB357648634
SCOOPIFY-022-57320FF68534,SCOOPIFY-022-57320FF68534.png,SCOOPIFY-022-57320FF68534
SCOOPIFY-023-FAF87103DED7,SCOOPIFY-023-FAF87103DED7.png,SCOOPIFY-023-FAF87103DED7
SCOOPIFY-024-9D1BBBE0570F,SCOOPIFY-024-9D1BBBE0570F.png,SCOOPIFY-024-9D1BBBE0570F
SCOOPIFY-025-61A108D4288D,SCOOPIFY-025-61A108D4288D.png,SCOOPIFY-025-61A108D4288D
SCOOPIFY-026-7FF230B42922,SCOOPIFY-026-7FF230B42922.png,SCOOPIFY-026-7FF230B42922
SCOOPIFY-027-F98AC9EF3BE2,SCOOPIFY-027-F98AC9EF3BE2.png,SCOOPIFY-027-F98AC9EF3BE2
SCOOPIFY-028-CFEB5C04955F,SCOOPIFY-028-CFEB5C04955F.png,SCOOPIFY-028-CFEB5C04955F
SCOOPIFY-029-B6810B462181,SCOOPIFY-029-B6810B462181.png,SCOOPIFY-029-B6810B462181
SCOOPIFY-030-426646619745,SCOOPIFY-030-426646619745.png,SCOOPIFY-030-426646619745
SCOOPIFY-031-2EB986354C5A,SCOOPIFY-031-2EB986354C5A.png,SCOOPIFY-031-2EB986354C5A
SCOOPIFY-032-58D78C030B39,SCOOPIFY-032-58D78C030B39.png,SCOOPIFY-032-58D78C030B39
SCOOPIFY-033-57BE8F8F9BD1,SCOOPIFY-033-57BE8F8F9BD1.png,SCOOPIFY-033-57BE8F8F9BD1
SCOOPIFY-034-D44ACCBF9524,SCOOPIFY-034-D44ACCBF9524.png,SCOOPIFY-034-D44ACCBF9524
SCOOPIFY-035-D2F94769EF56,SCOOPIFY-035-D2F94769EF56.png,SCOOPIFY-035-D2F94769EF56
SCOOPIFY-036-076AEAD48E83,SCOOPIFY-036-076AEAD48E83.png,SCOOPIFY-036-076AEAD48E83
SCOOPIFY-037-7E2060972E39,SCOOPIFY-037-7E2060972E39.png,SCOOPIFY-037-7E2060972E39
SCOOPIFY-038-EE4A8D77997F,SCOOPIFY-038-EE4A8D77997F.png,SCOOPIFY-038-EE4A8D77997F
SCOOPIFY-039-552DAECD012F,SCOOPIFY-039-552DAECD012F.png,SCOOPIFY-039-552DAECD012F
SCOOPIFY-040-C472B5B1A0AC,SCOOPIFY-040-C472B5B1A0AC.png,SCOOPIFY-040-C472B5B1A0AC
SCOOPIFY-041-31077C64A0B6,SCOOPIFY-041-31077C64A0B6.png,SCOOPIFY-041-31077C64A0B6
SCOOPIFY-042-FD640E445668,SCOOPIFY-042-FD640E445668.png,SCOOPIFY-042-FD640E445668
SCOOPIFY-043-855780F598F4,SCOOPIFY-043-855780F598F4.png,SCOOPIFY-043-855780F598F4
SCOOPIFY-044-818842E84C8F,SCOOPIFY-044-818842E84C8F.png,SCOOPIFY-044-818842E84C8F
SCOOPIFY-045-E1EE31436CFF,SCOOPIFY-045-E1EE31436CFF.png,SCOOPIFY-045-E1EE31436CFF
SCOOPIFY-046-E3CC6F3F9E8B,SCOOPIFY-046-E3CC6F3F9E8B.png,SCOOPIFY-046-E3CC6F3F9E8B
SCOOPIFY-047-9983AF51BCB7,SCOOPIFY-047-9983AF51BCB7.png,SCOOPIFY-047-9983AF51BCB7
SCOOPIFY-048-C19DF439048A,SCOOPIFY-048-C19DF439048A.png,SCOOPIFY-048-C19DF439048A
SCOOPIFY-049-87F5E0121DAB,SCOOPIFY-049-87F5E0121DAB.png,SCOOPIFY-049-87F5E0121DAB
SCOOPIFY-050-708B670EC3AB,SCOOPIFY-050-708B670EC3AB.png,SCOOPIFY-050-708B670EC3AB
SCOOPIFY-051-4A5BD9357EE0,SCOOPIFY-051-4A5BD9357EE0.png,SCOOPIFY-051-4A5BD9357EE0
SCOOPIFY-052-4828D1686D3A,SCOOPIFY-052-4828D1686D3A.png,SCOOPIFY-052-4828D1686D3A
SCOOPIFY-053-97F345FA97BA,SCOOPIFY-053-97F345FA97BA.png,SCOOPIFY-053-97F345FA97BA
SCOOPIFY-054-9ABF4442A6CA,SCOOPIFY-054-9ABF4442A6CA.png,SCOOPIFY-054-9ABF4442A6CA
SCOOPIFY-055-46E90A6FEA25,SCOOPIFY-055-46E90A6FEA25.png,SCOOPIFY-055-46E90A6FEA25
SCOOPIFY-056-FCD97ECCFD78,SCOOPIFY-056-FCD97ECCFD78.png,SCOOPIFY-056-FCD97ECCFD78
SCOOPIFY-057-2341FB1E2993,SCOOPIFY-057-2341FB1E2993.png,SCOOPIFY-057-2341FB1E2993
SCOOPIFY-058-0A197F79CA67,SCOOPIFY-058-0A197F79CA67.png,SCOOPIFY-058-0A197F79CA67
SCOOPIFY-059-4C3B946232C7,SCOOPIFY-059-4C3B946232C7.png,SCOOPIFY-059-4C3B946232C7
SCOOPIFY-060-9AA615440003,SCOOPIFY-060-9AA615440003.png,SCOOPIFY-060-9AA615440003
SCOOPIFY-061-61E508B2324F,SCOOPIFY-061-61E508B2324F.png,SCOOPIFY-061-61E508B2324F
SCOOPIFY-062-1F55ADE955F6,SCOOPIFY-062-1F55ADE955F6.png,SCOOPIFY-062-1F55ADE955F6
SCOOPIFY-063-133CE2A3F2FF,SCOOPIFY-063-133CE2A3F2FF.png,SCOOPIFY-063-133CE2A3F2FF
SCOOPIFY-064-9D9A88837EA8,SCOOPIFY-064-9D9A88837EA8.png,SCOOPIFY-064-9D9A88837EA8
SCOOPIFY-065-CD320902022C,SCOOPIFY-065-CD320902022C.png,SCOOPIFY-065-CD320902022C
SCOOPIFY-066-85A71334BE2B,SCOOPIFY-066-85A71334BE2B.png,SCOOPIFY-066-85A71334BE2B
SCOOPIFY-067-739355DDB981,SCOOPIFY-067-739355DDB981.png,SCOOPIFY-067-739355DDB981
SCOOPIFY-068-2E9A79368639,SCOOPIFY-068-2E9A79368639.png,SCOOPIFY-068-2E9A79368639
SCOOPIFY-069-8509BD207287,SCOOPIFY-069-8509BD207287.png,SCOOPIFY-069-8509BD207287
SCOOPIFY-070-3A2DECF0C1D9,SCOOPIFY-070-3A2DECF0C1D9.png,SCOOPIFY-070-3A2DECF0C1D9
SCOOPIFY-071-0B51A1DC5FE2,SCOOPIFY-071-0B51A1DC5FE2.png,SCOOPIFY-071-0B51A1DC5FE2
SCOOPIFY-072-90A5867BEA0E,SCOOPIFY-072-90A5867BEA0E.png,SCOOPIFY-072-90A5867BEA0E
SCOOPIFY-073-8FEBFB263C0B,SCOOPIFY-073-8FEBFB263C0B.png,SCOOPIFY-073-8FEBFB263C0B
SCOOPIFY-074-2F3D82C2C34D,SCOOPIFY-074-2F3D82C2C34D.png,SCOOPIFY-074-2F3D82C2C34D
SCOOPIFY-075-912357B58145,SCOOPIFY-075-912357B58145.png,SCOOPIFY-075-912357B58145
SCOOPIFY-076-84C6479EC2D3,SCOOPIFY-076-84C6479EC2D3.png,SCOOPIFY-076-84C6479EC2D3
SCOOPIFY-077-8881831A62B5,SCOOPIFY-077-8881831A62B5.png,SCOOPIFY-077-8881831A62B5
SCOOPIFY-078-712963466C2B,SCOOPIFY-078-712963466C2B.png,SCOOPIFY-078-712963466C2B
SCOOPIFY-079-932D16AB2F6A,SCOOPIFY-079-932D16AB2F6A.png,SCOOPIFY-079-932D16AB2F6A
SCOOPIFY-080-6B09EF0F2D73,SCOOPIFY-080-6B09EF0F2D73.png,SCOOPIFY-080-6B09EF0F2D73
SCOOPIFY-081-0265151A1A38,SCOOPIFY-081-0265151A1A38.png,SCOOPIFY-081-0265151A1A38
SCOOPIFY-082-58741412F805,SCOOPIFY-082-58741412F805.png,SCOOPIFY-082-58741412F805
SCOOPIFY-083-3386CA9FFB50,SCOOPIFY-083-3386CA9FFB50.png,SCOOPIFY-083-3386CA9FFB50
SCOOPIFY-084-9AA4F0389DAB,SCOOPIFY-084-9AA4F0389DAB.png,SCOOPIFY-084-9AA4F0389DAB
SCOOPIFY-085-3DC94EB72B5E,SCOOPIFY-085-3DC94EB72B5E.png,SCOOPIFY-085-3DC94EB72B5E
SCOOPIFY-086-E0525A4B75DE,SCOOPIFY-086-E0525A4B75DE.png,SCOOPIFY-086-E0525A4B75DE
SCOOPIFY-087-B6C5262AE9EC,SCOOPIFY-087-B6C5262AE9EC.png,SCOOPIFY-087-B6C5262AE9EC
SCOOPIFY-088-CA6849B5C0D1,SCOOPIFY-088-CA6849B5C0D1.png,SCOOPIFY-088-CA6849B5C0D1
SCOOPIFY-089-BAC28651C5FA,SCOOPIFY-089-BAC28651C5FA.png,SCOOPIFY-089-BAC28651C5FA
SCOOPIFY-090-3147B8B3B19F,SCOOPIFY-090-3147B8B3B19F.png,SCOOPIFY-090-3147B8B3B19F
SCOOPIFY-091-131DDEB6A754,SCOOPIFY-091-131DDEB6A754.png,SCOOPIFY-091-131DDEB6A754
SCOOPIFY-092-5250D42E7635,SCOOPIFY-092-5250D42E7635.png,SCOOPIFY-092-5250D42E7635
SCOOPIFY-093-5C5B25CFD15D,SCOOPIFY-093-5C5B25CFD15D.png,SCOOPIFY-093-5C5B25CFD15D
SCOOPIFY-094-6199830FD010,SCOOPIFY-094-6199830FD010.png,SCOOPIFY-094-6199830FD010
SCOOPIFY-095-C4767F439FF2,SCOOPIFY-095-C4767F439FF2.png,SCOOPIFY-095-C4767F439FF2
SCOOPIFY-096-E068F8847475,SCOOPIFY-096-E068F8847475.png,SCOOPIFY-096-E068F8847475
SCOOPIFY-097-D72D2DA9A6A3,SCOOPIFY-097-D72D2DA9A6A3.png,SCOOPIFY-097-D72D2DA9A6A3
SCOOPIFY-098-38E7B760D9AB,SCOOPIFY-098-38E7B760D9AB.png,SCOOPIFY-098-38E7B760D9AB
SCOOPIFY-099-EB5F91786D70,SCOOPIFY-099-EB5F91786D70.png,SCOOPIFY-099-EB5F91786D70
SCOOPIFY-100-AD8541525915,SCOOPIFY-100-AD8541525915.png,SCOOPIFY-100-AD8541525915
